,date,cpi_nsa,cpi_sa,infexp,treasury_3mo,treasury_2yr,treasury_5yr,treasury_10yr,treasury_30yr,spread_10y_2y,food_cpi_sa,energy_cpi_sa,core_cpi_sa,ppi_sa,gold_spot,silver_spot,crude_oil_spot,natural_gas_spot,copper_spot,wheat_spot,soybeans_spot,aluminum_spot,steel_futures,natural_gas_futures,corn_futures,lean_hog_futures,wheat_futures,aluminum_futures,copper_futures,soybean_futures,gold_futures,crude_oil_futures
0,2015-01-01,233.707,234.747,2.5,0.03,0.55,1.37,1.88,2.46,1.33,246.197,199.926,239.811,192.0,1250.75,17.24,47.11,2.97,5830.54,248.39,433.21,1814.72,586.65,2.929350030422211,388.1,74.35625076293945,543.5875,2220.8,2.653224992752075,1000.15,1252.9249938964845,47.325500106811525
1,2015-02-01,234.722,235.342,2.8,0.02,0.62,1.47,1.98,2.57,1.36,246.495,203.021,240.172,191.1,1227.08,16.79,54.79,2.85,5729.27,237.0,423.55,1817.82,530.6315789473684,2.754947361193205,383.6842105263158,65.12368372866982,517.4868421052631,2174.7105263157896,2.623631565194381,992.657894736842,1224.9105224609375,50.72473646465101
2,2015-03-01,236.119,235.976,3.0,0.03,0.64,1.52,2.04,2.63,1.4,246.072,205.757,240.755,191.5,1178.63,16.24,52.83,2.8,5939.67,230.75,409.79,1773.86,491.3636363636364,2.746909098191695,382.9431818181818,62.70681780034845,508.57954545454544,2056.1477272727275,2.707931821996516,978.6590909090908,1177.768182927912,47.854090603915125
3,2015-04-01,236.599,236.222,2.6,0.02,0.54,1.35,1.94,2.59,1.4,246.002,203.577,241.346,190.9,1198.93,16.34,57.54,2.58,6042.09,223.4,394.73,1819.19,458.2857142857143,2.5913333211626326,373.9642857142857,67.82380912417457,501.7619047619048,2005.797619047619,2.7527619089399065,971.3928571428572,1199.828578404018,54.62809553600493
4,2015-05-01,237.805,237.001,2.8,0.02,0.61,1.54,2.2,2.96,1.59,246.239,208.973,241.688,193.4,1198.63,16.83,62.51,2.84,6294.78,215.32,388.2,1804.04,453.2,2.8559500098228456,359.2375,81.56875,489.9875,1953.55,2.89337500333786,957.85,1198.2150085449218,59.37199993133545
5,2015-06-01,238.638,237.657,2.7,0.02,0.69,1.68,2.36,3.11,1.67,246.937,212.015,242.064,194.8,1181.5,16.08,61.31,2.77,5833.01,209.81,391.48,1687.73,464.7272727272728,2.769227266311645,364.39772727272725,78.79090881347656,518.8863636363636,1829.034090909091,2.675340912558816,965.6704545454544,1180.7818215110085,59.82863651622426
6,2015-07-01,238.654,238.034,2.8,0.03,0.67,1.63,2.32,3.07,1.65,247.157,211.623,242.565,193.9,1128.31,15.05,54.34,2.83,5456.75,197.31,405.87,1639.5,469.8181818181818,2.808090914379467,406.3522727272728,78.2943184592507,546.9659090909091,1759.159090909091,2.482204556465149,1013.3636363636364,1128.113641912287,50.93000013178045
7,2015-08-01,238.316,238.033,2.8,0.07,0.7,1.54,2.17,2.86,1.47,247.742,208.579,242.817,191.9,1117.93,14.94,45.69,2.76,5127.3,179.68,378.78,1548.13,466.3571428571428,2.7534762110028947,367.7142857142857,72.08095205397834,498.82142857142856,1666.7857142857142,2.333214294342768,944.440476190476,1118.7333112444196,42.88904771350679
8,2015-09-01,237.945,237.498,2.8,0.02,0.71,1.49,2.17,2.95,1.46,248.492,197.246,243.316,189.1,1124.77,14.75,46.28,2.65,5217.25,172.7,367.49,1589.6,448.1666666666667,2.6389047418321883,373.79761904761904,70.04285757882255,485.9880952380952,1689.1666666666667,2.370571431659517,880.5714285714286,1123.8238002232142,45.46523829868862
9,2015-10-01,237.838,237.733,2.7,0.02,0.64,1.39,2.07,2.89,1.43,248.755,195.616,243.768,187.5,1159.25,15.81,46.96,2.32,5216.09,172.71,375.95,1516.49,414.09090909090907,2.385045463388616,383.0568181818182,68.47045360911976,506.9886363636364,1609.034090909091,2.3678636334159155,891.0909090909091,1159.859092018821,46.289545405994765
10,2015-11-01,237.336,238.017,2.7,0.12,0.88,1.67,2.26,3.03,1.38,248.525,195.114,244.241,185.7,1086.44,14.45,43.11,2.08,4799.9,177.1,368.0,1467.89,387.15,2.279850006103516,366.3125,56.11999950408936,495.475,1614.7875,2.1553750038146973,868.4,1084.0050048828125,42.92300014495849
11,2015-12-01,236.525,237.761,2.6,0.23,0.98,1.7,2.24,2.97,1.26,248.206,190.143,244.547,183.5,1075.74,14.13,36.57,1.92,4638.83,189.23,368.42,1497.2,368.6363636363636,2.043499995361675,369.3181818181818,57.56704538518732,474.4090909090909,1651.3636363636365,2.082159096544439,879.9204545454545,1069.9454567649148,37.32727258855646
12,2016-01-01,236.916,237.652,2.5,0.26,0.9,1.52,2.09,2.86,1.19,248.353,185.235,244.955,182.6,1097.91,14.11,29.78,2.27,4471.79,193.27,373.08,1481.1,396.1578947368421,2.23336840930738,361.8421052631579,62.36842105263158,473.1973684210527,1614.8815789473683,2.0094473424710726,879.6184210526316,1097.642096268503,31.7757894616378
13,2016-02-01,237.111,237.336,2.5,0.31,0.73,1.22,1.78,2.62,1.05,248.606,176.401,245.51,181.3,1199.5,15.17,31.03,1.96,4598.62,187.03,373.75,1531.26,398.75,1.9294500052928925,363.275,67.70625,460.125,1627.7375,2.0750500202178954,871.25,1201.4050048828126,30.616499996185304
14,2016-03-01,238.132,238.08,2.7,0.29,0.88,1.38,1.89,2.68,1.01,248.029,182.234,245.913,182.1,1245.14,15.47,37.34,1.7,4953.8,191.07,380.97,1531.01,417.95454545454544,1.8121363683180376,363.4886363636364,70.42386453801936,463.7613636363636,1626.2954545454545,2.231590877879749,889.7727272727273,1244.8818192915485,37.96090906316584
15,2016-04-01,239.261,238.992,2.8,0.23,0.77,1.26,1.81,2.62,1.04,248.235,186.713,246.551,183.2,1242.26,16.36,40.75,1.9,4872.74,187.39,395.14,1571.23,492.2857142857143,2.0143809602374123,372.6785714285714,71.78333355131603,470.9642857142857,1650.4166666666667,2.182880980627877,962.8928571428572,1242.538080124628,41.12476185389927
16,2016-05-01,240.229,239.557,2.4,0.27,0.82,1.3,1.81,2.63,0.99,247.856,188.596,247.137,185.3,1260.95,16.95,45.94,1.92,4694.54,171.96,422.55,1550.63,576.7142857142857,2.08342859290895,389.4166666666667,79.04523831322079,465.1071428571428,1629.595238095238,2.1114285786946616,1057.357142857143,1259.5904773530506,46.7966666448684
17,2016-06-01,241.018,240.222,2.6,0.27,0.73,1.17,1.64,2.45,0.91,247.683,192.899,247.54,187.6,1276.4,17.29,47.69,2.57,4641.97,173.06,457.4,1593.51,623.4761904761905,2.6256666637602306,409.32142857142856,83.61904834565662,474.5,1652.190476190476,2.099619047982352,1145.321428571429,1276.3809581938244,48.85190455118815
18,2016-07-01,240.628,240.101,2.7,0.3,0.67,1.07,1.5,2.23,0.83,247.658,189.046,247.829,187.7,1336.66,19.99,44.13,2.79,4864.9,151.75,431.08,1629.05,612.8,2.7613999605178834,343.3,77.41625022888184,418.875,1675.5,2.207324981689453,1062.5,1337.210003662109,44.799499702453616
19,2016-08-01,240.849,240.545,2.5,0.3,0.74,1.13,1.56,2.26,0.82,247.746,188.772,248.423,186.6,1340.17,19.59,44.88,2.79,4751.67,149.18,412.17,1639.28,592.8260869565217,2.722347829652869,323.0434782608696,63.94999993365744,407.0978260869565,1690.6304347826087,2.140956546949304,1007.8369565217392,1337.9565270465353,44.79913081293521
20,2016-09-01,241.428,241.176,2.4,0.29,0.77,1.18,1.63,2.35,0.86,247.772,192.243,248.842,186.9,1326.61,19.36,45.04,2.97,4722.2,150.65,403.53,1592.36,525.25,2.862250030040741,323.375,56.28125095367432,385.625,1691.3125,2.130750000476837,957.9375,1317.3249816894531,45.917500495910645
21,2016-10-01,241.729,241.741,2.4,0.33,0.84,1.27,1.76,2.5,0.92,247.812,195.979,249.142,186.7,1266.55,17.66,49.29,2.95,4731.26,151.75,401.87,1665.9,493.2,3.011800003051758,350.35,48.10499954223633,404.15,1760.4,2.177399969100952,979.35,1277.5,48.57800064086914
22,2016-11-01,241.353,242.026,2.4,0.45,0.98,1.6,2.14,2.86,1.16,247.741,196.372,249.481,186.3,1238.35,17.41,45.26,2.5,5450.93,150.65,397.76,1737.11,502.0,2.885550022125244,345.2125,48.170000076293945,403.2375,1836.1625,2.4643749952316285,1003.75,1235.960003662109,45.88199977874756
23,2016-12-01,241.432,242.637,2.2,0.51,1.2,1.96,2.49,3.11,1.29,247.725,199.513,249.92,188.2,1157.36,16.43,52.62,3.58,5660.35,141.83,416.07,1727.74,585.047619047619,3.583714292162941,349.67857142857144,59.810713995070685,397.4404761904762,1831.809523809524,2.566833303088233,1021.3690476190476,1151.395252046131,52.16571499052502
24,2017-01-01,242.839,243.618,2.6,0.51,1.21,1.92,2.43,3.02,1.22,248.065,205.369,250.467,190.7,1192.1,16.9,53.59,3.26,5754.56,153.22,412.0,1791.24,622.6875,3.296999990940094,361.875,65.04374980926514,425.171875,1885.578125,2.601312503218651,1031.859375,1192.2875137329102,52.55062460899353
25,2017-02-01,243.603,244.006,2.7,0.52,1.2,1.9,2.42,3.03,1.22,248.735,204.133,250.998,191.6,1234.2,17.93,54.35,2.82,5940.91,155.06,394.53,1860.75,618.5333333333333,2.9694666703542074,370.2,71.61166636149089,439.73333333333335,1966.15,2.692466656366984,1041.5,1230.493318684896,53.34266713460286
26,2017-03-01,243.801,243.892,2.5,0.74,1.31,2.01,2.48,3.08,1.17,249.244,202.528,250.944,191.5,1231.42,17.63,50.9,2.89,5824.63,154.32,383.68,1901.47,629.2173913043479,2.9924347504325537,362.7826086956522,67.92173999288808,427.2717391304348,1987.4130434782608,2.641217376874841,996.3478260869564,1230.378269361413,49.67391320933466
27,2017-04-01,244.524,244.193,2.5,0.8,1.24,1.82,2.3,2.94,1.06,249.589,202.954,251.227,193.0,1266.88,18.03,52.16,3.08,5683.9,166.08,387.44,1921.22,646.0526315789474,3.189473691739534,363.0131578947368,64.21052671733655,420.078947368421,2008.907894736842,2.586263129585668,946.7236842105264,1268.6526392886512,51.11736899928043
28,2017-05-01,244.733,244.004,2.6,0.89,1.3,1.84,2.3,2.96,1.0,249.972,198.449,251.43,192.8,1246.04,16.75,49.89,3.12,5599.56,180.41,389.72,1913.02,610.8181818181819,3.235636364329945,366.6136363636364,75.11477279663086,429.77272727272725,2005.6818181818185,2.549022739583796,953.0340909090908,1243.7636385830965,48.53954575278542
29,2017-06-01,244.955,244.163,2.6,0.98,1.34,1.77,2.19,2.8,0.85,249.77,197.808,251.746,193.6,1260.26,16.93,46.17,2.94,5719.76,189.6,378.59,1885.29,594.6363636363636,2.993590918454257,372.2840909090909,84.0727275501598,453.6931818181818,1961.8295454545453,2.6019318212162363,924.5909090909092,1260.0590931285512,45.19590950012207
30,2017-07-01,244.786,244.243,2.6,1.07,1.37,1.87,2.32,2.88,0.95,250.185,195.994,251.985,193.5,1236.84,16.15,47.66,2.96,5985.12,202.46,410.23,1902.96,622.5294117647059,2.9659999819362866,376.3382352941176,85.78088199391084,501.0441176470589,1984.2794117647056,2.7440000141368195,993.8235294117648,1239.7823558134191,47.02058859432445
31,2017-08-01,245.519,245.183,2.6,1.01,1.34,1.78,2.21,2.8,0.87,250.469,201.45,252.535,193.8,1283.04,16.95,49.94,2.88,6485.63,171.23,392.87,2030.01,621.7826086956521,2.9051738821941875,353.1195652173913,72.4978262859842,428.8695652173913,2098.521739130435,2.958782621051954,940.054347826087,1283.7956436820652,48.05782566899838
32,2017-09-01,246.819,246.435,2.7,1.03,1.38,1.8,2.2,2.78,0.82,250.826,212.723,252.812,194.8,1314.07,17.43,52.95,2.96,6577.17,178.57,393.95,2096.49,623.95,3.00589998960495,347.95,59.13375053405762,437.025,2176.4125,2.9840500235557554,963.05,1313.9400024414062,49.876999855041504
33,2017-10-01,246.663,246.626,2.4,1.07,1.55,1.98,2.36,2.88,0.81,251.048,208.328,253.526,194.9,1279.51,16.94,54.92,2.86,6807.6,175.63,396.52,2131.49,598.4090909090909,2.912590904669328,349.3863636363636,62.38750024275346,434.8181818181818,2223.4772727272725,3.095590916546908,975.068181818182,1279.2500055486505,51.59454588456588
34,2017-11-01,246.669,247.284,2.5,1.23,1.7,2.05,2.35,2.8,0.65,251.195,213.047,253.816,195.9,1281.9,16.98,59.93,2.99,6826.55,179.68,393.85,2097.44,612.1428571428571,3.058857111703782,343.17857142857144,63.2297617594401,422.25,2232.2619047619046,3.094166642143613,983.595238095238,1280.6904703776042,56.66285741896856
35,2017-12-01,246.524,247.805,2.7,1.32,1.84,2.18,2.4,2.77,0.56,251.716,213.574,254.344,196.3,1264.45,16.17,61.19,2.76,6833.89,184.09,387.15,2080.47,639.0,2.776049995422363,344.55,66.82625045776368,410.8125,2240.0,3.098249995708465,972.0125,1265.5700073242188,57.94699993133545
36,2018-01-01,247.867,248.859,2.7,1.41,2.03,2.38,2.58,2.88,0.55,252.377,216.855,255.204,197.9,1331.3,17.13,66.23,3.86,7065.85,192.17,389.53,2209.73,673.7,3.137050008773804,352.425,72.24750022888183,431.65,2245.05,3.194699990749359,970.225,1330.675,63.56400032043457
37,2018-02-01,248.991,249.529,2.7,1.57,2.18,2.6,2.86,3.13,0.68,252.264,220.141,255.711,199.3,1330.73,16.58,63.46,2.67,7006.52,192.17,416.28,2181.79,744.3157894736842,2.662368423060367,365.92105263157896,71.9842095626028,455.64473684210526,2250.5263157894738,3.16744737876089,1010.328947368421,1330.0578806023848,62.18368429886667
38,2018-03-01,249.554,249.577,2.8,1.7,2.28,2.63,2.84,3.09,0.56,252.365,215.72,256.271,199.3,1324.66,16.47,64.17,2.7,6799.18,192.17,430.11,2069.24,827.1428571428571,2.6993809654599143,379.6071428571428,64.16190447126117,474.7142857142857,2255.4761904761904,3.066833348501296,1039.345238095238,1324.2381068638392,62.77190489996048
39,2018-04-01,250.546,250.227,2.7,1.76,2.38,2.7,2.87,3.07,0.49,252.867,219.165,256.63,200.3,1334.76,16.65,68.79,2.78,6851.51,213.85,439.07,2254.69,859.6666666666666,2.7242381005060103,385.4880952380952,61.00833347865513,474.8928571428572,2300.0,3.087642862683251,1037.642857142857,1335.3428664434523,66.32523781912667
40,2018-05-01,251.588,250.792,2.8,1.86,2.51,2.82,2.98,3.13,0.47,252.864,221.045,257.145,203.2,1303.45,16.49,73.43,2.8,6825.27,213.85,430.32,2299.67,877.1818181818181,2.8293181657791138,398.2272727272728,71.13181721080433,516.7613636363636,2300.454545454545,3.064022725278681,1020.1704545454544,1302.6181696111505,69.98318099975586
41,2018-06-01,251.989,251.018,3.0,1.9,2.53,2.78,2.91,3.05,0.38,253.167,220.947,257.399,204.2,1281.57,16.54,71.98,2.95,6965.86,219.36,394.44,2237.62,907.5238095238096,2.9425238087063743,364.8690476190476,80.00357128324963,500.79761904761904,2305.404761904762,3.117142847606114,925.2142857142856,1280.0238037109375,67.32285672142392
42,2018-07-01,252.006,251.214,2.9,1.96,2.61,2.78,2.89,3.01,0.28,253.598,219.929,257.699,204.3,1237.71,15.72,72.67,2.83,6250.75,218.26,377.17,2082.24,909.3333333333334,2.78933334350586,349.1547619047619,72.89999989100865,507.3571428571428,2309.654761904762,2.7912618886856806,850.6547619047619,1236.0238211495537,70.58190518333798
43,2018-08-01,252.146,251.663,3.0,2.03,2.64,2.77,2.89,3.04,0.25,253.949,222.781,257.891,203.4,1201.71,14.99,71.08,2.96,6051.05,236.63,376.77,2051.51,893.8695652173913,2.908086952955826,358.3369565217391,54.7347820116126,538.3152173913044,2313.9565217391305,2.6938695492951767,861.804347826087,1199.9521749745245,67.84521782916525
44,2018-09-01,252.439,252.182,2.7,2.13,2.77,2.89,3.0,3.15,0.23,254.302,223.955,258.368,203.6,1198.39,14.27,75.36,2.98,6050.76,212.38,356.87,2026.46,859.6315789473684,2.8959999962856897,352.3421052631579,57.793420691239206,503.80263157894734,2319.1973684210525,2.6923157666858875,833.9736842105264,1196.705258018092,70.0847372757761
45,2018-10-01,252.885,252.772,2.9,2.25,2.86,3.0,3.15,3.34,0.29,254.17,226.022,258.917,204.6,1215.39,14.6,76.73,3.28,6219.59,213.48,367.96,2029.86,830.8695652173913,3.2079564903093423,368.1521739130435,61.1260868570079,511.2173913043478,2323.4565217391305,2.7593478327212124,859.6086956521739,1213.9695673403533,70.75782610022503
46,2018-11-01,252.038,252.594,2.8,2.33,2.86,2.95,3.12,3.36,0.26,254.887,218.5,259.439,202.3,1220.65,14.35,62.32,4.13,6195.92,203.56,374.04,1938.51,804.2380952380952,4.0933809507460825,365.79761904761904,57.60238102504185,505.32142857142856,2328.654761904762,2.7509762105487643,877.1071428571429,1219.238101050967,56.6933328537714
47,2018-12-01,251.233,252.767,2.7,2.37,2.68,2.68,2.83,3.1,0.15,255.877,213.63,260.063,201.0,1250.4,14.77,53.96,3.98,6075.32,211.28,380.53,1920.38,749.9411764705883,3.9217647243948544,375.3382352941176,58.02352950152229,515.6911764705883,2332.5,2.72208821072298,897.7941176470588,1253.6058852251838,48.86176546882181
48,2019-01-01,251.712,252.561,2.7,2.37,2.54,2.54,2.71,3.04,0.17,256.533,204.34,260.766,199.1,1291.75,15.62,56.58,3.08,5939.1,209.81,381.96,1853.72,716.047619047619,3.100333338692075,378.6904761904762,60.77976190476191,516.7857142857143,2332.5,2.682380960101173,908.3928571428572,1290.8618977864585,51.55047625587101
49,2019-02-01,252.776,253.319,2.6,2.39,2.5,2.49,2.68,3.02,0.18,257.253,208.144,261.186,199.2,1320.07,15.82,61.13,2.72,6300.49,218.99,380.33,1862.99,685.0,2.6825789401405737,373.7894736842105,55.71184198479904,499.4605263157895,2287.236842105264,2.855657903771652,910.3684210526316,1318.4473684210527,54.98052597045898
50,2019-03-01,254.202,254.277,2.5,2.4,2.41,2.37,2.57,2.98,0.16,257.681,214.934,261.567,200.8,1300.9,15.3,63.79,2.94,6439.46,205.76,369.53,1871.21,701.7619047619048,2.8046666781107583,366.6309523809524,68.56309491112118,453.3333333333333,2225.0,2.899738130115328,896.0357142857143,1298.5285935174852,58.16809517996652
51,2019-04-01,255.548,255.233,2.5,2.38,2.34,2.33,2.53,2.94,0.19,257.325,222.42,261.997,202.1,1285.91,15.06,68.58,2.65,6438.36,199.52,359.84,1845.42,679.8095238095239,2.603095213572184,357.70238095238096,83.65238080705915,450.54761904761904,2225.0,2.9200714429219565,882.4761904761905,1284.7857200985864,63.87095260620117
52,2019-05-01,256.092,255.296,2.9,2.35,2.21,2.19,2.4,2.82,0.19,257.818,220.523,262.217,201.7,1283.7,14.66,66.83,2.63,6017.9,199.52,339.81,1781.26,636.1818181818181,2.592409068887884,379.7613636363636,86.38636363636364,457.7386363636364,2225.0,2.7428181821649726,830.9204545454545,1283.3727195046165,60.865454413674094
53,2019-06-01,256.143,255.213,2.7,2.17,1.81,1.83,2.07,2.57,0.26,257.952,214.926,262.739,200.3,1359.04,15.04,59.76,2.4,5882.23,206.13,358.95,1755.95,569.1,2.3303499937057497,435.225,78.24624977111816,524.8375,2184.5,2.6784250140190125,888.9,1359.669989013672,54.70650024414063
54,2019-07-01,256.571,255.802,2.6,2.1,1.84,1.83,2.06,2.57,0.22,258.059,216.696,263.28,200.7,1412.89,15.79,61.48,2.36,5941.2,196.21,369.58,1796.99,539.1363636363636,2.303090897473422,427.04545454545456,78.21250048550692,506.27272727272725,1852.2045454545453,2.686568184332414,885.7840909090909,1413.295448996804,57.546363830566406
55,2019-08-01,256.558,256.036,2.7,1.95,1.57,1.49,1.63,2.12,0.06,258.288,213.847,263.877,199.2,1500.41,17.22,57.67,2.22,5709.44,181.15,360.93,1740.68,588.2272727272727,2.174272721463984,376.2386363636364,69.98068202625622,475.4090909090909,1826.636363636364,2.572431813586842,856.2727272727273,1502.0363658558238,54.84409054842863
56,2019-09-01,256.759,256.43,2.8,1.89,1.65,1.57,1.7,2.16,0.05,258.865,213.015,264.388,198.4,1510.58,18.16,60.04,2.58,5759.25,189.6,366.07,1753.51,558.15,2.5195500016212464,362.1625,63.57374954223633,478.9875,1782.2625,2.59740002155304,877.575,1507.4199951171877,56.9670000076294
57,2019-10-01,257.346,257.155,2.5,1.65,1.55,1.53,1.71,2.19,0.16,259.434,215.268,264.97,198.6,1494.81,17.65,57.27,2.33,5757.3,199.52,381.65,1725.96,504.9565217391304,2.3392608580381973,389.7717391304348,64.8782609027365,508.0,1736.0760869565215,2.6116521669470747,924.9782608695652,1493.330423106318,54.00565255206564
58,2019-11-01,257.208,257.879,2.5,1.54,1.61,1.64,1.81,2.28,0.2,260.048,217.488,265.548,199.0,1470.79,17.17,60.4,2.65,5859.95,203.19,375.51,1774.79,500.25,2.63144999742508,373.625,62.9162504196167,515.95,1778.775,2.6546250104904177,906.1625,1470.0000061035155,57.07000007629394
59,2019-12-01,256.974,258.63,2.3,1.54,1.61,1.68,1.86,2.3,0.25,260.483,221.18,266.02,199.0,1479.13,17.14,63.35,2.24,6077.06,210.91,383.2,1771.38,564.8095238095239,2.2882381053197958,377.9166666666667,66.07738095238095,542.452380952381,1795.4642857142858,2.7702857085636685,911.5833333333334,1480.8523763020833,59.80476197742281
60,2020-01-01,257.971,259.127,2.5,1.52,1.52,1.56,1.76,2.22,0.24,261.293,220.147,266.716,199.3,1560.67,17.97,61.63,2.03,6031.21,224.5,387.23,1773.09,583.1428571428571,2.029952355793544,385.7380952380952,66.79881014142718,565.047619047619,1797.2380952380952,2.7496666340600875,917.3809523809524,1559.933337983631,57.52857190086728
61,2020-02-01,258.678,259.25,2.4,1.52,1.33,1.32,1.5,1.97,0.17,261.962,214.294,267.37,196.7,1597.1,17.88,53.35,1.92,5687.75,215.32,375.63,1688.1,579.0526315789474,1.8434210451025712,377.4473684210527,60.58421064677992,549.2105263157895,1718.5394736842106,2.58381576287119,885.671052631579,1595.6157804790296,50.54210502222965
62,2020-03-01,258.115,258.076,2.2,0.29,0.45,0.59,0.87,1.46,0.42,262.622,201.681,267.054,193.1,1591.93,14.88,32.2,1.79,5182.63,209.07,372.61,1610.89,567.4545454545455,1.7311818112026562,359.9318181818182,61.30681852860885,535.1590909090909,1628.8977272727273,2.3671363483775747,869.0909090909091,1594.6500077681108,30.445454597473145
63,2020-04-01,256.389,256.032,2.1,0.14,0.22,0.39,0.66,1.27,0.44,266.37,182.586,265.746,185.5,1683.17,15.07,21.04,1.74,5057.97,218.99,361.26,1459.93,511.7142857142857,1.7593333437329246,320.9047619047619,46.620238167899,541.3095238095239,1484.9166666666667,2.3063095183599565,843.6666666666666,1694.9809395926338,16.699047678992862
64,2020-05-01,256.394,255.802,3.2,0.13,0.17,0.34,0.67,1.38,0.5,268.086,180.04,265.412,188.6,1715.91,16.26,30.38,1.75,5239.83,205.76,359.17,1466.37,480.55,1.8091500103473663,318.7,62.68000030517578,515.15,1488.7875,2.38714998960495,841.8625,1718.6900146484377,28.527499961853028
65,2020-06-01,257.797,257.042,3.0,0.16,0.19,0.34,0.73,1.49,0.54,269.553,188.734,265.849,191.2,1732.22,17.71,39.46,1.61,5754.6,198.42,369.58,1568.57,505.6363636363636,1.7008636322888462,327.6136363636364,48.38068216497248,497.29545454545456,1589.9772727272727,2.5980454574931757,867.2045454545455,1735.922735040838,38.31363608620384
66,2020-07-01,259.101,258.352,3.0,0.13,0.15,0.28,0.62,1.31,0.47,268.532,191.966,267.389,193.0,1846.51,20.65,42.07,1.74,6372.46,222.13,381.07,1643.81,480.54545454545456,1.76495454528115,332.0681818181818,49.56249982660467,523.5568181818181,1648.375,2.865999991243536,895.2159090909091,1847.5409046519887,40.76590919494629
67,2020-08-01,259.918,259.316,3.1,0.1,0.14,0.27,0.65,1.36,0.51,268.957,193.307,268.422,194.3,1968.63,27.0,43.44,2.3,6498.94,223.0,384.55,1737.26,469.0952380952381,2.343476204645066,325.1547619047619,52.97142864408947,514.2619047619048,1751.2380952380952,2.9175237814585366,903.940476190476,1966.2380836123511,42.38809512910389
68,2020-09-01,260.28,259.997,2.6,0.11,0.13,0.27,0.68,1.42,0.55,269.043,196.705,268.933,195.5,1921.92,25.74,40.6,1.92,6704.9,247.68,423.41,1743.77,544.4285714285714,2.2802381004605974,362.3809523809524,65.42023776826404,548.6190476190476,1767.690476190476,3.0230238210587275,998.3333333333334,1920.2761869884675,39.62571407499768
69,2020-10-01,260.388,260.319,2.6,0.1,0.15,0.34,0.79,1.57,0.64,269.653,196.113,269.306,196.5,1900.27,24.23,39.9,2.25,6713.81,272.36,454.25,1806.1,644.5,2.83622728694569,398.89772727272725,71.9193184592507,606.2045454545455,1830.0,3.05695454640822,1054.8068181818182,1900.245450106534,39.55454531582919
70,2020-11-01,260.229,260.911,2.8,0.09,0.17,0.39,0.87,1.62,0.7,269.636,197.017,269.981,198.3,1866.3,24.08,42.3,2.59,7068.91,273.0,499.98,1935.28,727.578947368421,2.852368392442402,416.5394736842105,65.4986851340846,598.0,1940.5131578947369,3.2102105115589343,1146.7236842105262,1864.7999974300988,41.58526350322523
71,2020-12-01,260.474,262.045,2.5,0.09,0.14,0.39,0.93,1.67,0.79,270.781,205.67,270.341,200.5,1858.42,24.97,48.73,2.54,7772.24,268.55,510.94,2014.67,866.3181818181819,2.584272709759799,435.46590909090907,66.17386384443803,600.0,2030.8295454545453,3.5347045118158515,1207.4318181818182,1859.2954434481533,47.06818147139116
72,2021-01-01,261.582,262.687,3.0,0.08,0.13,0.45,1.08,1.82,0.95,271.195,212.47,270.387,204.8,1866.98,25.88,53.6,2.67,7972.15,289.3,576.37,2003.98,1072.2631578947369,2.648736840800235,515.3947368421053,69.0592105263158,655.1315789473684,2002.25,3.6231842041015625,1372.5131578947369,1865.1842169510687,52.1021055924265
73,2021-02-01,263.014,263.579,3.3,0.04,0.12,0.54,1.26,2.04,1.14,271.425,219.242,270.793,210.6,1808.17,27.29,60.46,5.07,8470.94,289.4,578.26,2078.59,1178.3157894736842,2.916999992571379,549.9736842105264,78.9578961824116,651.8552631578947,2089.0789473684213,3.8612631747597135,1382.0526315789473,1805.531584087171,59.06105262354801
74,2021-03-01,264.877,264.961,3.1,0.03,0.15,0.82,1.61,2.34,1.46,271.636,229.617,271.459,215.0,1718.23,25.65,63.83,2.56,8988.25,273.13,585.71,2190.48,1268.0,2.622043454128763,552.804347826087,93.06956680961277,635.7826086956521,2224.0652173913045,4.088282574778018,1414.8804347826087,1719.5173923658288,62.35739135742188
75,2021-04-01,267.054,266.614,3.4,0.02,0.16,0.86,1.64,2.3,1.48,272.715,227.255,273.66,217.9,1760.04,25.69,62.95,2.61,9324.82,280.95,597.13,2319.39,1377.190476190476,2.685095242091588,616.0714285714286,105.7047616867792,667.8333333333334,2331.619047619048,4.247833365485782,1465.5,1759.757144019717,61.70380982898531
76,2021-05-01,269.195,268.383,4.6,0.02,0.16,0.82,1.62,2.32,1.46,273.932,229.854,275.465,224.9,1850.26,27.5,66.4,2.89,10161.97,297.25,646.8,2433.53,1532.05,2.959499990940094,697.3875,112.39874992370603,710.0125,2472.0,4.63534996509552,1572.2375,1850.6450073242188,65.15699977874756
77,2021-06-01,271.696,270.654,4.2,0.04,0.2,0.84,1.52,2.16,1.32,275.997,233.603,277.651,228.9,1834.57,27.0,71.8,3.23,9631.5,285.55,614.68,2446.65,1663.2727272727273,3.2724090814590454,672.4090909090909,113.65681804310192,667.1136363636364,2475.1136363636365,4.398318182338368,1462.4431818181818,1834.122736150568,71.3527287569913
78,2021-07-01,273.003,271.903,4.7,0.05,0.22,0.76,1.32,1.94,1.1,277.813,236.488,278.648,231.85,1807.84,25.68,73.28,3.8,9450.82,294.27,600.44,2497.64,1799.6190476190477,3.815047650110154,605.0833333333334,108.29166666666669,665.1190476190476,2530.75,4.354785714830671,1424.928571428571,1805.5047607421875,72.43047659737724
79,2021-08-01,273.567,272.676,4.6,0.05,0.22,0.77,1.28,1.92,1.06,279.01,240.692,278.997,233.415,1785.28,23.99,68.87,4.05,9370.14,324.52,585.8,2602.99,1891.8636363636365,4.031454519792036,552.2272727272727,97.94204573197798,725.7386363636364,2620.215909090909,4.292295455932617,1371.7727272727273,1785.231805974787,67.71136318553577
80,2021-09-01,274.31,273.91,4.6,0.04,0.24,0.86,1.37,1.94,1.13,281.366,245.302,279.698,235.678,1775.14,23.19,72.8,5.11,9324.71,337.55,557.55,2834.56,1928.190476190476,5.114857128688267,518.5952380952381,86.53095209030877,703.7738095238095,2887.714285714286,4.265380950201125,1277.607142857143,1775.8999953497023,71.54476202101935
81,2021-10-01,276.589,276.55,4.8,0.05,0.39,1.11,1.58,2.06,1.19,283.972,254.756,281.668,240.465,1776.85,23.41,82.06,5.48,9829.22,354.67,551.95,2934.39,1884.142857142857,5.570619015466599,536.6190476190476,82.22261810302734,745.547619047619,2984.1666666666665,4.451119082314627,1230.202380952381,1776.404750279018,81.22285752069382
82,2021-11-01,277.948,278.919,4.9,0.05,0.51,1.2,1.56,1.94,1.05,286.151,263.798,283.406,243.287,1821.76,24.18,79.92,5.02,9728.9,379.45,551.04,2636.45,1765.4761904761904,5.120238099779401,570.8928571428571,75.27619062151227,806.4761904761905,2629.428571428572,4.365738142104376,1237.154761904762,1819.499988374256,78.653809320359
83,2021-12-01,278.802,280.845,4.8,0.06,0.68,1.23,1.47,1.85,0.79,287.812,267.899,285.18,241.338,1790.43,22.53,72.87,3.73,9551.18,376.81,554.14,2695.53,1592.1363636363635,3.863818190314553,591.8863636363636,77.73295454545455,787.5568181818181,2660.159090909091,4.332999988035723,1289.5,1791.0454434481535,71.69000070745295
84,2022-01-01,281.148,282.543,4.9,0.15,0.98,1.54,1.76,2.1,0.78,290.077,270.189,286.757,246.453,1816.02,23.16,83.92,4.33,9782.34,374.24,606.22,3005.98,1377.05,4.2554499983787535,609.375,83.01124992370606,772.2625,2978.575,4.431124973297119,1400.1,1816.6399963378904,82.97900009155273
85,2022-02-01,283.716,284.5,4.9,0.33,1.44,1.81,1.93,2.25,0.49,292.899,275.322,288.273,252.66,1856.3,23.54,93.54,4.66,9943.17,390.5,661.63,3245.79,1120.421052631579,4.4630000214827685,650.3684210526316,97.3078946565327,805.921052631579,3267.157894736842,4.502105286246852,1588.5526315789473,1857.7420911287008,91.62894680625514
86,2022-03-01,287.504,287.674,5.4,0.44,1.91,2.11,2.13,2.41,0.22,295.546,303.099,289.056,260.014,1947.83,25.31,112.4,4.88,10230.89,486.3,720.6,3498.37,1148.0,4.979304334391719,747.4239130434783,102.85326086956522,1124.7717391304348,3490.1739130434785,4.682282613671345,1679.7391304347825,1950.6739024286685,108.26217385996942
87,2022-04-01,289.109,288.561,5.4,0.76,2.54,2.78,2.75,2.81,0.21,298.339,295.455,290.514,265.31,1936.86,24.55,103.41,6.53,10161.38,495.28,720.79,3244.41,1472.15,6.70460000038147,786.0625,104.07625045776368,1066.4375,3235.4875,4.637624979019165,1682.3,1933.9300048828125,101.64049949645997
88,2022-05-01,292.296,291.298,5.3,0.98,2.62,2.87,2.9,3.07,0.28,301.755,309.052,292.063,273.251,1848.5,21.91,110.1,8.14,9377.15,522.29,724.09,2830.32,1345.857142857143,8.163476194654192,789.0119047619048,104.63809531075614,1140.928571428571,2848.0,4.24928567523048,1677.0238095238096,1845.9380987258185,109.259522937593
89,2022-06-01,296.311,294.957,5.3,1.49,3.0,3.19,3.14,3.25,0.14,304.834,330.456,294.05,280.251,1836.57,21.56,116.8,7.67,9024.46,459.59,737.06,2563.44,1120.428571428571,7.597904772985549,758.4047619047619,109.44285765148344,1010.809523809524,2564.1428571428573,4.125404732567923,1690.0833333333333,1834.547619047619,114.33904811314174
90,2022-07-01,296.276,294.913,5.2,2.23,3.04,2.96,2.9,3.1,-0.14,308.193,314.345,295.088,272.274,1732.74,19.08,105.08,7.26,7544.81,382.5,678.2,2408.42,908.75,7.186950016021728,663.15,114.97374992370604,806.7,2400.5875,3.3961000084877013,1550.4125,1729.8,99.3844997406006
91,2022-08-01,296.171,295.097,4.8,2.63,3.25,3.03,2.9,3.13,-0.35,310.794,298.331,296.535,269.546,1764.56,19.72,95.97,8.79,7981.84,382.86,671.11,2430.79,803.4347826086956,8.77947819751242,632.0760869565217,105.70217364767323,784.3260869565217,2410.641304347826,3.615000009536743,1569.858695652174,1762.4782608695652,91.4826086293096
92,2022-09-01,296.808,296.349,4.7,3.13,3.86,3.7,3.52,3.56,-0.34,312.901,294.103,298.226,267.898,1680.78,18.94,88.22,7.76,7746.01,419.14,664.45,2224.76,794.6190476190476,7.757523854573567,681.6547619047619,92.64166623070126,855.7619047619048,2220.1428571428573,3.48021430060977,1460.7142857142858,1678.6142868768602,83.8019049508231
93,2022-10-01,298.012,298.007,5.0,3.72,4.38,4.18,3.98,4.04,-0.4,315.038,299.945,299.399,265.061,1664.45,19.43,90.33,5.62,7651.08,437.95,626.0,2255.54,745.9047619047619,6.084904738834926,685.547619047619,89.26428585960751,869.7738095238095,2273.1071428571427,3.4738571303231374,1381.309523809524,1665.8380940755208,87.03095245361328
94,2022-11-01,297.711,298.786,5.0,4.15,4.5,4.06,3.89,4.0,-0.61,316.62,298.107,300.325,263.157,1725.07,21.02,87.38,5.28,8049.86,422.68,648.92,2350.72,666.3333333333334,6.42976188659668,668.2380952380952,84.15714227585565,812.0952380952381,2379.8571428571427,3.676833345776513,1442.0119047619048,1726.047630673363,84.38571457635788
95,2022-12-01,296.797,298.832,4.3,4.25,4.29,3.76,3.62,3.66,-0.67,317.813,286.33,301.394,257.897,1797.55,23.33,78.07,5.5,8375.4,386.33,645.67,2401.69,676.6190476190476,5.768047582535517,650.8571428571429,84.94404747372582,748.2261904761905,2436.095238095238,3.8164523669651578,1474.4166666666667,1797.1142868768602,76.51809510730561
96,2023-01-01,299.17,300.42,3.9,4.54,4.21,3.64,3.53,3.66,-0.68,319.3,292.615,302.642,260.227,1897.71,23.65,80.41,3.27,9037.95,380.36,626.59,2501.82,737.25,3.42279999256134,670.3875,78.69500007629395,744.625,2534.8375,4.122324979305267,1510.15,1899.834991455078,78.16400032043457
97,2023-02-01,300.84,301.45,4.2,4.65,4.53,3.94,3.75,3.8,-0.78,320.543,288.702,304.123,258.669,1854.54,21.92,80.25,2.38,8936.59,394.75,651.12,2416.18,854.8421052631579,2.437473673569529,671.0921052631579,80.48552663702714,751.8026315789474,2424.8289473684213,4.088236833873548,1527.6052631578948,1853.2368485300165,76.86052583393298
98,2023-03-01,301.836,301.821,3.6,4.69,4.3,3.82,3.66,3.77,-0.64,320.554,282.868,305.147,257.062,1912.73,21.98,76.47,2.3,8856.31,369.86,628.38,2296.42,1069.5217391304348,2.4077826427376787,637.3913043478261,81.01195625636889,687.4782608695652,2314.6304347826085,4.04915215658105,1489.304347826087,1912.9608685037365,73.37260934580927
99,2023-04-01,303.363,302.845,4.7,4.92,4.02,3.54,3.46,3.68,-0.56,321.213,280.86,306.534,256.908,1999.77,25.01,82.46,2.16,8809.42,378.18,614.93,2343.23,1157.5263157894738,2.197263152975785,654.8815789473684,75.28026339882298,667.0394736842105,2357.9210526315787,4.000368406898097,1488.1315789473683,2001.04736328125,79.43842155054996
100,2023-05-01,304.127,303.334,4.2,5.14,4.13,3.59,3.57,3.86,-0.56,322.009,274.273,307.652,253.67,1992.13,24.27,74.12,2.15,8217.47,367.74,595.0,2268.6,1087.5454545454545,2.2993181943893437,608.9090909090909,79.8136364329945,619.6931818181819,2284.159090909091,3.741727276281877,1385.590909090909,1993.4227294921875,71.62090925736861
101,2023-06-01,305.109,304.014,3.3,5.16,4.64,3.95,3.75,3.87,-0.89,322.365,275.712,308.322,253.86,1942.9,23.42,73.26,2.18,8396.52,345.5,591.89,2184.75,919.904761904762,2.4746190366290866,615.1666666666666,90.47857157389323,660.0595238095239,2209.1666666666665,3.795976196016584,1430.7142857142858,1941.652378627232,70.27428545270648
102,2023-07-01,305.691,304.609,3.4,5.25,4.83,4.14,3.9,3.96,-0.93,323.201,275.548,308.96,253.835,1951.02,24.26,78.98,2.55,8476.68,345.5,633.85,2159.73,871.05,2.636550009250641,548.625,100.71625061035157,677.5125,2160.6875,3.8357000231742857,1508.2125,1950.7649963378904,76.03449974060058
103,2023-08-01,307.026,306.082,3.5,5.3,4.9,4.31,4.17,4.28,-0.73,324.042,287.31,309.58,257.68,1918.7,23.44,84.72,2.58,8349.13,315.82,583.93,2136.57,800.0,2.645130426987358,475.8478260869565,89.78913050112517,612.9891304347826,2127.663043478261,3.763304316479227,1388.4021739130435,1917.5565185546875,81.3208697775136
104,2023-09-01,307.789,307.276,3.2,5.32,5.02,4.49,4.38,4.47,-0.64,324.379,292.623,310.539,258.934,1915.95,23.1,92.22,2.64,8276.71,314.68,619.04,2184.67,710.6,2.6956499934196474,473.7875,82.925,575.6875,2207.1125,3.722925019264221,1324.2875,1912.4099975585937,89.43050003051758
105,2023-10-01,307.671,307.696,4.2,5.34,5.07,4.77,4.8,4.95,-0.27,325.442,286.765,311.457,255.192,1916.25,22.38,89.08,2.99,7937.18,298.1,529.57,2192.21,735.5,3.1491818102923306,488.4318181818182,74.22727307406339,572.7159090909091,2211.4886363636365,3.599636359648271,1284.3863636363635,1915.5681762695312,85.46681837602095
106,2023-11-01,307.051,308.148,4.5,5.27,4.88,4.49,4.5,4.66,-0.38,325.93,282.146,312.392,252.856,1984.11,23.49,81.35,2.71,8189.59,283.55,553.05,2202.26,905.4761904761904,3.0555238042558943,468.2857142857143,70.63809567406064,562.7142857142857,2210.3214285714284,3.718357142947969,1344.8690476190477,1985.3714250837052,77.37666720435733
107,2023-12-01,306.746,308.741,3.1,5.24,4.46,4.0,4.02,4.14,-0.44,326.434,280.763,313.195,249.866,2026.18,23.88,75.72,2.53,8399.94,291.12,547.43,2182.43,1075.7,2.5388499975204466,468.9375,69.00125045776367,612.7125,2188.1125,3.8515249848365785,1310.925,2031.6749938964845,72.12350006103516
108,2024-01-01,308.417,309.698,2.9,5.22,4.32,3.98,4.06,4.26,-0.26,327.424,279.953,314.319,251.306,2034.04,22.92,77.67,3.18,8338.88,283.91,547.38,2192.82,1076.5238095238096,2.714999993642172,451.8452380952381,71.79166702997117,600.3333333333334,2190.6309523809523,3.812071425574167,1230.154761904762,2028.0428466796875,73.86095210484096
109,2024-02-01,310.326,310.967,3.0,5.24,4.54,4.19,4.21,4.38,-0.33,327.707,283.331,315.564,254.926,2023.24,22.66,80.55,1.72,8304.95,278.5,519.75,2179.46,924.85,1.7955000042915343,423.375,80.17625007629394,585.8125,2172.2,3.796625006198883,1169.3875,2025.214990234375,76.61000022888183
110,2024-03-01,312.332,312.345,2.9,5.24,4.59,4.2,4.21,4.36,-0.38,327.774,288.688,316.792,255.095,2158.01,24.52,83.55,1.5,8689.13,274.83,487.49,2226.16,802.6,1.747299998998642,429.5,85.4875,541.9625,2216.125,3.976425015926361,1179.2875,2161.8699951171875,80.40499992370606
111,2024-04-01,313.548,313.023,3.2,5.24,4.87,4.56,4.54,4.66,-0.33,328.449,287.611,317.649,256.978,2331.45,27.49,88.01,1.6,9464.43,272.3,477.3,2506.1,841.9545454545455,1.7912272702563892,434.625,92.67499923706056,564.8863636363636,2489.329545454545,4.3609090718356045,1164.6136363636365,2332.590897993608,84.39409117265181
112,2024-05-01,314.069,313.175,3.3,5.25,4.86,4.5,4.48,4.62,-0.38,328.949,284.165,318.095,255.313,2351.13,29.36,81.45,2.13,10139.33,289.42,490.22,2564.54,786.9090909090909,2.4179999990896746,454.6590909090909,94.02386405251242,656.6818181818181,2555.431818181818,4.775068218057806,1216.5113636363635,2349.6318026455965,78.6213642467152
113,2024-06-01,314.175,313.044,3.0,5.24,4.74,4.32,4.31,4.44,-0.43,329.6,278.284,318.39,255.914,2326.44,29.58,81.21,2.51,9648.17,265.55,479.72,2497.61,722.1052631578947,2.809578958310579,439.39473684210526,91.71052631578948,599.2105263157895,2480.065789473684,4.523131571317974,1172.8552631578948,2326.0789345189146,78.69842127749794
114,2024-07-01,314.54,313.569,2.9,5.2,4.5,4.16,4.25,4.46,-0.25,330.329,278.287,318.94,257.321,2398.2,29.77,83.26,2.08,9385.31,260.26,469.63,2349.13,666.3636363636364,2.208681805567308,398.2613636363636,90.87499965320934,543.7386363636364,2316.1363636363635,4.352477247064764,1116.159090909091,2393.3363702947445,80.48136381669478
115,2024-08-01,314.796,314.062,2.8,5.05,3.97,3.71,3.87,4.15,-0.1,330.748,275.706,319.75,255.463,2470.15,28.53,78.12,1.99,8971.96,250.85,400.13,2343.67,680.1363636363636,2.0856363664973867,376.67045454545456,84.44886432994495,527.4090909090909,2269.556818181818,4.095613631335172,984.7386363636364,2467.249988902699,75.4336367520419
116,2024-09-01,315.301,314.732,2.7,4.72,3.62,3.5,3.72,4.04,0.1,331.753,272.681,320.732,252.682,2570.55,30.13,72.42,2.25,9237.48,269.69,391.31,2449.92,706.6,2.409250020980835,400.6,81.01000061035157,570.2875,2390.8875,4.232799959182739,1014.2125,2572.869982910156,69.37249946594238
117,2024-10-01,315.664,315.631,2.7,4.51,3.97,3.91,4.1,4.38,0.13,332.463,273.003,321.731,253.081,2690.08,32.42,73.97,2.21,9533.99,272.85,442.1,2595.58,708.5217391304348,2.5769565209098486,416.1195652173913,81.58913089918053,585.1630434782609,2558.2391304347825,4.384630452031675,1002.8695652173913,2688.904349949049,71.5617383873981
118,2024-11-01,315.493,316.528,2.6,4.42,4.26,4.23,4.36,4.54,0.1,333.629,273.281,322.657,253.211,2651.13,31.09,72.29,2.1,9075.73,253.75,435.64,2582.19,693.65,2.982000005245209,424.2375,81.49500007629395,551.9875,2548.7375,4.174549961090088,995.075,2649.8150146484377,69.5439998626709
119,2024-12-01,315.605,317.604,2.8,4.27,4.23,4.25,4.39,4.58,0.16,334.464,279.829,323.259,253.423,2648.01,30.76,72.31,3.02,8916.32,252.17,409.27,2541.02,688.9047619047619,3.406619049253918,439.4642857142857,83.39642915271577,540.8690476190476,2525.464285714286,4.108428569067092,983.5,2643.5809500558034,69.69761912027995
120,2025-01-01,317.671,318.961,3.3,4.21,4.27,4.43,4.63,4.85,0.36,335.441,282.272,324.638,257.36,2709.69,30.41,78.16,4.1,8991.41,254.09,410.83,2573.4,704.4761904761905,3.7213809490203857,475.3333333333333,82.11428687686012,545.4047619047619,2576.6071428571427,4.248285725003197,1029.5119047619048,2722.9476260230654,75.0980951218378
121,2025-02-01,319.082,319.679,4.3,4.22,4.21,4.28,4.45,4.68,0.24,336.065,282.096,325.465,259.498,2894.73,32.15,73.82,4.22,9330.6,264.61,412.15,2657.6,785.3684210526316,3.740947372034976,487.4868421052632,87.5868417840255,577.3026315789474,2618.9605263157896,4.551263181786788,1040.0657894736842,2897.1157997532896,71.20894743266858
122,2025-03-01,319.799,319.785,5.0,4.2,3.97,4.04,4.28,4.6,0.31,337.331,278.906,325.69,258.525,2983.25,33.19,70.7,4.13,9739.68,255.37,401.11,2658.29,924.3333333333334,4.137476239885602,453.9642857142857,86.3154758271717,543.1666666666666,2583.083333333333,4.912809553600493,1005.190476190476,2986.4095284598216,67.93952469598679
123,2025-04-01,320.795,320.302,6.5,4.21,3.78,3.91,4.28,4.71,0.5,337.493,277.343,326.467,258.392,3217.64,32.23,65.91,3.4,9176.8,249.58,407.6,2371.6,929.2380952380952,3.425761881328764,473.3095238095238,89.29166666666667,535.1904761904761,2301.7738095238096,4.642809504554386,1028.607142857143,3211.152367001488,62.96238072713216
124,2025-05-01,321.465,320.62,6.6,4.25,3.92,4.02,4.42,4.9,0.5,338.474,275.377,326.893,258.678,3309.49,32.76,62.75,3.12,9532.98,237.0,414.11,2448.79,882.6666666666666,3.460809560049148,449.2738095238095,95.78928556896392,524.5952380952381,2350.404761904762,4.64114286786034,1051.107142857143,3280.7380952380954,60.93523824782599
125,2025-06-01,322.561,321.435,5.0,4.23,3.89,3.96,4.38,4.89,0.49,339.468,276.558,327.658,260.491,3352.66,36.01,69.15,3.02,9835.07,240.05,415.66,2525.96,874.6,3.643649995326996,430.575,107.18749961853028,540.9125,2450.3875,4.877799987792969,1049.825,3350.939990234375,67.32600002288818
126,2025-07-01,323.048,322.169,4.5,4.25,3.88,3.95,4.39,4.92,0.51,339.891,274.85,328.682,262.358,3340.15,37.7,69.19,3.19,9770.58,234.96,410.13,2606.37,875.6818181818181,3.302454536611384,406.07954545454544,107.37727182561702,539.8977272727273,2503.7386363636365,5.447295448996804,1009.318181818182,3342.2318226207385,67.24318105524236
127,2025-08-01,323.976,323.291,4.8,4.12,3.7,3.79,4.26,4.87,0.56,341.32,276.734,329.7,262.11,3368.03,38.19,66.72,2.91,9669.56,231.14,407.0,2597.34,832.047619047619,2.888523817062378,383.57142857142856,99.94404856363931,508.8333333333333,2485.1428571428573,4.440833318801153,1005.7857142857144,3372.7428385416665,64.01904787336078
128,2025-09-01,324.8,324.245,4.7,3.92,3.57,3.66,4.12,4.74,0.55,342.086,280.7,330.418,262.054,3667.68,42.82,66.46,2.97,9983.79,233.76,403.96,2653.32,807.0,3.0097618897755942,413.4880952380952,97.7547621954055,513.6428571428571,2548.0,4.6076189903985885,1019.1071428571428,3682.2999906994046,63.53380911690848
129,2025-11-01,324.122,325.063,4.5,3.78,3.55,3.67,4.09,4.7,0.54,342.386,284.648,331.043,261.914,4087.19,50.43,62.34,3.79,10812.03,245.85,445.83,2819.06,858.0526315789474,4.46726309625726,431.2368421052632,79.5842100444593,535.4473684210526,2767.2894736842104,5.019552607285349,1123.5526315789473,4082.1157612047696,59.47947391710783
130,2025-12-01,324.054,326.031,4.2,3.59,3.5,3.7,4.14,4.8,0.64,344.632,285.624,331.814,261.333,4309.23,62.34,60.88,4.25,11785.25,242.8,440.0,2875.53,907.7272727272727,4.394227277148854,439.9431818181818,83.37272713401101,523.3977272727273,2842.568181818182,5.39881816777316,1076.5,4311.059104225852,57.86636352539063
